ISBNList,Country
9780760000000,en-mx
9780470000000,en-ar
9780820000000,en-ca
9783530000000,en-us
9781120000000,en-gb
9781860000000,en-ru
9780750000000,en-by
9780470000000,en-pl
9780470000000,en-ua
9780470000000,en-jp
9783530000000,en-au
9780470000000,en-ng
9783530000000,en-za
9780470000000,en-ae
9783530000000,en-qa
9780790000000,en-dz
9783530000000,en-ad
9780470000000,en-ax
9781120000000,en-bh
9781410000000,en-am
9780470000000,en-af
9781410000000,en-aw
9780470000000,en-ao
9781120000000,en-ag
9780470000000,en-bd
9783530000000,en-az
9780470000000,en-bs
9780750000000,en-al
9780470000000,en-as
9781120000000,en-ai
9780470000000,en-bb
9781120000000,en-bj
9781410000000,en-bw
9781120000000,en-br
9780470000000,en-io
9783530000000,en-bn
9780470000000,en-bo
9781860000000,en-ba
9783530000000,en-bf
9780760000000,en-bg
9781410000000,en-bz
9780470000000,en-bi
9781120000000,en-bt
9780790000000,en-cm
9781860000000,en-bm
9780470000000,en-kh
9780470000000,en-be
9780470000000,en-cv
9780470000000,en-cf
9781610000000,en-ci
9781120000000,en-cr
9781120000000,en-cl
9780390000000,en-hr
9783530000000,en-td
9780470000000,en-km
9780470000000,en-cx
9781120000000,en-cc
9781120000000,en-cw
9781120000000,en-ky
9781120000000,en-cg
9781120000000,en-ck
9781120000000,en-cu
9781120000000,en-co
9781120000000,en-cy
9780390000000,en-dj
9781120000000,en-dk
9781120000000,en-cz
9781120000000,en-do
9780630000000,en-ec
9780470000000,en-sv
9780470000000,en-eg
9781120000000,en-ee
9781120000000,en-et
9781120000000,en-gq
9781120000000,en-er
9780630000000,en-fj
9781120000000,en-fr
9780470000000,en-ga
9781120000000,en-gm
9781120000000,en-gf
9781560000000,en-gr
9781120000000,en-ge
9780750000000,en-fi
9780870000000,en-gl
9780390000000,en-gi
9780790000000,en-gh
9780470000000,en-gp
9780790000000,en-gu
9781560000000,en-gt
9780470000000,en-gn
9780790000000,en-is
9780790000000,en-hu
9780630000000,en-iq
9780630000000,en-hn
9780470000000,en-va
9780470000000,en-gw
9780470000000,en-ir
9780390000000,en-gy
9781410000000,en-ht
9780750000000,en-id
9781410000000,en-ie
9780730000000,en-il
9780390000000,en-it
9781410000000,en-jm
9781120000000,en-kz
9781120000000,en-jo
9781120000000,en-ke
9783530000000,en-kr
9781410000000,en-kw
9781410000000,en-lv
9781120000000,en-la
9781850000000,en-kg
9780470000000,en-lb
9781120000000,en-lr
9780470000000,en-ly
9780470000000,en-mk
9781120000000,en-ls
9781120000000,en-lt
9783530000000,en-my
9780790000000,en-mw
9780790000000,en-mg
9780470000000,en-mv
9780470000000,en-mt
9781580000000,en-ml
9781120000000,en-mq
9783530000000,en-me
9780470000000,en-mz
9781410000000,en-ma
9780470000000,en-mc
9781440000000,en-mu
9780470000000,en-mr
9781440000000,en-mn
9781120000000,en-mm
9780750000000,en-md
9781120000000,en-na
9781120000000,en-np
9781120000000,en-nl
9780470000000,en-no
9780750000000,en-ps
9780810000000,en-nz
9780810000000,en-om
9781120000000,en-pk
9781120000000,en-ni
9780390000000,en-pe
9781120000000,en-ne
9781120000000,en-pa
9781120000000,en-pt
9781120000000,en-ph
9781120000000,en-pg
9781120000000,en-re
9781120000000,en-pr
9781120000000,en-py
9780470000000,en-ro
9781120000000,en-rw
9781120000000,en-sa
9780470000000,en-vc
9781840000000,en-ws
9780470000000,en-rs
9780790000000,en-sl
9780470000000,en-sg
9780470000000,en-si
9781120000000,en-lc
9780470000000,en-st
9780470000000,en-sn
9780470000000,en-sk
9781120000000,en-so
9781440000000,en-ss
9781120000000,en-lk
9780780000000,en-sb
9780470000000,en-sd
9781580000000,en-es
9780470000000,en-sy
9780470000000,en-sr
9780470000000,en-se
9781440000000,en-sz
9780470000000,en-tj
9780470000000,en-th
9780470000000,en-to
9781410000000,en-tz
9780470000000,en-tg
9781560000000,en-tl
9780470000000,en-tn
9781410000000,en-tt
9780470000000,en-tm
9783530000000,en-tr
9780470000000,en-uz
9780760000000,en-uy
9781410000000,en-ug
9780390000000,en-ve
9781410000000,en-vg
9781120000000,en-zm
9783530000000,en-zw
9781410000000,en-ye
9780470000000,en-vu
9780470000000,en-vn
9780470000000,en-vi
9781120000000,en-tw
9781120000000,en-hk
9781120000000,en-mx
9781120000000,en-ar
9783530000000,en-ca
9780470000000,en-us
9780790000000,en-gb
9781120000000,en-ru
9781120000000,en-by
9781610000000,en-pl
9781120000000,en-ua
9780390000000,en-jp
9781120000000,en-au
9781120000000,en-ng
9781120000000,en-za
9781120000000,en-ae
9780730000000,en-qa
9781120000000,en-dz
9780470000000,en-ad
9783530000000,en-ax
9780470000000,en-bh
9780630000000,en-am
9783530000000,en-af
9781120000000,en-aw
9781120000000,en-ao
9781120000000,en-ag
9781120000000,en-bd
9781120000000,en-az
9780630000000,en-bs
9781120000000,en-al
9781120000000,en-as
9781120000000,en-ai
9781120000000,en-bb
9780470000000,en-bj
9780470000000,en-bw
9780470000000,en-br
9780470000000,en-io
9780470000000,en-bn
9780470000000,en-bo
9780470000000,en-ba
9780760000000,en-bf
9780630000000,en-bg
9780470000000,en-bz
9780470000000,en-bi
9780470000000,en-bt
9781870000000,en-cm
9781850000000,en-bm
9783530000000,en-kh
9780470000000,en-be
9780470000000,en-cv
9781410000000,en-cf
9780470000000,en-ci
9780470000000,en-cr
9780470000000,en-cl
9780750000000,en-hr
9781120000000,en-td
9783530000000,en-km
9780470000000,en-cx
9780470000000,en-cc
9780470000000,en-cw
9780470000000,en-ky
9780790000000,en-cg
9781120000000,en-ck
9780470000000,en-cu
9781410000000,en-co
9780750000000,en-cy
9781440000000,en-dj
9781440000000,en-dk
9780760000000,en-cz
9780470000000,en-do
9780790000000,en-ec
9780470000000,en-sv
9780470000000,en-eg
9780470000000,en-ee
9780470000000,en-et
9781120000000,en-gq
9781120000000,en-er
9781120000000,en-fj
9781120000000,en-fr
9781120000000,en-ga
9783530000000,en-gm
9781120000000,en-gf
9781120000000,en-gr
9781120000000,en-ge
9781120000000,en-fi
9781120000000,en-gl
9781570000000,en-gi
9780750000000,en-gh
9780470000000,en-gp
9781120000000,en-gu
9781410000000,en-gt
9780750000000,en-gn
9781410000000,en-is
9781410000000,en-hu
9781410000000,en-iq
9783530000000,en-hn
9781120000000,en-va
9781410000000,en-gw
9780470000000,en-ir
9783530000000,en-gy
9783530000000,en-ht
9781120000000,en-id
9781120000000,en-ie
9780470000000,en-il
9783530000000,en-it
9781120000000,en-jm
9781120000000,en-kz
9783530000000,en-jo
9783530000000,en-ke
9781120000000,en-kr
9780470000000,en-kw
9781120000000,en-lv
9781880000000,en-la
9780730000000,en-kg
9781570000000,en-lb
9780470000000,en-lr
9780470000000,en-ly
9780470000000,en-mk
9780470000000,en-ls
9780470000000,en-lt
9780470000000,en-my
9780470000000,en-mw
9781120000000,en-mg
9780470000000,en-mv
9783530000000,en-mt
9780470000000,en-ml
9781120000000,en-mq
9780470000000,en-me
9781510000000,en-mz
9780470000000,en-ma
9780470000000,en-mc
9780790000000,en-mu
9780470000000,en-mr
9781560000000,en-mn
9780470000000,en-mm
9781560000000,en-md
9780790000000,en-na
9781120000000,en-np
9781120000000,en-nl
9781120000000,en-no
9781410000000,en-ps
9781410000000,en-nz
9781120000000,en-om
9781120000000,en-pk
9780390000000,en-ni
9781120000000,en-pe
9780470000000,en-ne
9781120000000,en-pa
9781120000000,en-pt
9781120000000,en-ph
9781120000000,en-pg
9781120000000,en-re
9781120000000,en-pr
9781440000000,en-py
9781120000000,en-ro
9780390000000,en-rw
9781120000000,en-sa
9781120000000,en-vc
9780390000000,en-ws
9781120000000,en-rs
9783530000000,en-sl
9780750000000,en-sg
9780750000000,en-si
9780750000000,en-lc
9780750000000,en-st
9780750000000,en-sn
9780750000000,en-sk
9780750000000,en-so
9781410000000,en-ss
9780750000000,en-lk
9780750000000,en-sb
9781410000000,en-sd
9780750000000,en-es
9780750000000,en-sy
9780750000000,en-sr
9781410000000,en-se
9781410000000,en-sz
9781410000000,en-tj
9781410000000,en-th
9780470000000,en-to
9780470000000,en-tz
9780470000000,en-tg
9783530000000,en-tl
9780470000000,en-tn
9780470000000,en-tt
9781120000000,en-tm
9781120000000,en-tr
9780390000000,en-uz
9780470000000,en-uy
9780470000000,en-ug
9781120000000,en-ve
9781120000000,en-vg
9781120000000,en-zm
9781120000000,en-zw
9783530000000,en-ye
9781120000000,en-vu
9781120000000,en-vn
9781120000000,en-vi
9781120000000,en-tw
9780730000000,en-mx
9781120000000,en-ar
9781120000000,en-ca
9781120000000,en-us
9780470000000,en-gb
9780790000000,en-ru
9780790000000,en-by
9780470000000,en-pl
9781120000000,en-ua
9780470000000,en-jp
9780810000000,en-au
9780470000000,en-ng
9780470000000,en-za
9781410000000,en-ae
9781410000000,en-qa
9781410000000,en-dz
9781410000000,en-ad
9780470000000,en-ax
9780470000000,en-bh
9781440000000,en-am
9780470000000,en-af
9781410000000,en-aw
9780470000000,en-ao
9781410000000,en-ag
9781410000000,en-bd
9780630000000,en-az
9780750000000,en-bs
9780750000000,en-al
9780750000000,en-as
9780470000000,en-ai
9780470000000,en-bb
9780470000000,en-bj
9780470000000,en-bw
9783530000000,en-br
9780470000000,en-io
9780470000000,en-bn
9780750000000,en-bo
9780470000000,en-ba
9780470000000,en-bf
9780470000000,en-bg
9781120000000,en-bz
9780790000000,en-bi
9780470000000,en-bt
9780470000000,en-cm
9780790000000,en-bm
9780790000000,en-kh
9780470000000,en-be
9781120000000,en-cv
9780470000000,en-cf
9780790000000,en-ci
9780470000000,en-cr
9780470000000,en-cl
9780470000000,en-hr
9780470000000,en-td
9780470000000,en-km
9781440000000,en-cx
9780470000000,en-cc
9780470000000,en-cw
9780470000000,en-ky
9780750000000,en-cg
9780470000000,en-ck
9780470000000,en-cu
9780470000000,en-co
9780470000000,en-cy
9781410000000,en-dj
9783530000000,en-dk
9780470000000,en-cz
9780470000000,en-do
9781410000000,en-ec
9781410000000,en-sv
9781410000000,en-eg
9780470000000,en-ee
9781410000000,en-et
9781410000000,en-gq
9781560000000,en-er
9781410000000,en-fj
9781410000000,en-fr
9781560000000,en-ga
9780790000000,en-gm
9780780000000,en-gf
9780780000000,en-gr
9780470000000,en-ge
9780470000000,en-fi
9780130000000,en-gl
9783530000000,en-gi
9780780000000,en-gh
9781410000000,en-gp
9781840000000,en-gu
9781120000000,en-gt
9780790000000,en-gn
9780470000000,en-is
9781120000000,en-hu
9780750000000,en-iq
9781120000000,en-hn
9781120000000,en-va
9781560000000,en-gw
9781120000000,en-ir
9781570000000,en-gy
9780470000000,en-ht
9781120000000,en-id
9781610000000,en-ie
9780880000000,en-il
9780470000000,en-it
9781120000000,en-jm
9781120000000,en-kz
9781120000000,en-jo
9781120000000,en-ke
9781120000000,en-kr
9781120000000,en-kw
9781120000000,en-lv
9780790000000,en-la
9780780000000,en-kg
9780470000000,en-lb
9780470000000,en-lr
9780470000000,en-ly
9780470000000,en-mk
9780470000000,en-ls
9780470000000,en-lt
9780470000000,en-my
9780470000000,en-mw
9780470000000,en-mg
9781120000000,en-mv
9780470000000,en-mt
9780470000000,en-ml
9780750000000,en-mq
9781410000000,en-me
9780880000000,en-mz
9780790000000,en-ma
9781410000000,en-mc
9781410000000,en-mu
9781440000000,en-mr
9781440000000,en-mn
9780470000000,en-mm
9780470000000,en-md
9781410000000,en-na
9780470000000,en-np
9780470000000,en-nl
9780470000000,en-no
9780470000000,en-ps
9780470000000,en-nz
9780470000000,en-om
9780470000000,en-pk
9780750000000,en-ni
9780470000000,en-pe
9783530000000,en-ne
9780750000000,en-pa
9781120000000,en-pt
9780760000000,en-ph
9781120000000,en-pg
9781120000000,en-re
9780730000000,en-pr
9781120000000,en-py
9780390000000,en-ro
9781120000000,en-rw
9783530000000,en-sa
9781120000000,en-vc
9781120000000,en-ws
9780730000000,en-rs
9780730000000,en-sl
9780470000000,en-sg
9780470000000,en-si
9781120000000,en-lc
9780790000000,en-st
9780790000000,en-sn
9781440000000,en-sk
9781440000000,en-so
9781120000000,en-ss
9781410000000,en-lk
9780470000000,en-sb
9780470000000,en-sd
9783530000000,en-es
9781120000000,en-sy
9780750000000,en-sr
9780780000000,en-se
9780470000000,en-sz
9780470000000,en-tj
9781410000000,en-th
9780760000000,en-to
9781120000000,en-tz
9780730000000,en-tg
9781120000000,en-tl
9781120000000,en-tn
9781510000000,en-tt
9780470000000,en-tm
9780630000000,en-tr
9780470000000,en-uz
9781120000000,en-uy
9780470000000,en-ug
9780470000000,en-ve
9781120000000,en-vg
9781610000000,en-zm
9781120000000,en-zw
9780750000000,en-ye
9781120000000,en-vu
9780750000000,en-vn
9781440000000,en-vi
9780470000000,en-tw
9780470000000,en-mx
9780470000000,en-ar
9781120000000,en-ca
9780390000000,en-us
9781440000000,en-gb
9780390000000,en-ru
9780750000000,en-by
9780470000000,en-pl
9780470000000,en-ua
9781560000000,en-jp
9781120000000,en-au
9781120000000,en-ng
9781120000000,en-za
9781120000000,en-ae
9781120000000,en-qa
9781120000000,en-dz
9781120000000,en-ad
9781120000000,en-ax
9781120000000,en-bh
9780470000000,en-am
9781120000000,en-af
9781120000000,en-aw
9781120000000,en-ao
9781120000000,en-ag
9783530000000,en-bd
9781120000000,en-az
9781120000000,en-bs
9780470000000,en-al
9783530000000,en-as
9780390000000,en-ai
9783530000000,en-bb
9780760000000,en-bj
9780470000000,en-bw
9781120000000,en-br
9780470000000,en-io
9781440000000,en-bn
9783790000000,en-bo
9780470000000,en-ba
9780470000000,en-bf
9780470000000,en-bg
9780470000000,en-bz
9780470000000,en-bi
9780390000000,en-bt
9781410000000,en-cm
9780470000000,en-bm
9780390000000,en-kh
9781890000000,en-be
9780760000000,en-cv
9781410000000,en-cf
9780470000000,en-ci
9780760000000,en-cr
9781120000000,en-cl
9780470000000,en-hr
9780470000000,en-td
9783530000000,en-km
9780470000000,en-cx
9783530000000,en-cc
9783530000000,en-cw
9780470000000,en-ky
9781510000000,en-cg
9781120000000,en-ck
9783530000000,en-cu
9781120000000,en-co
9781120000000,en-cy
9780470000000,en-dj
9780470000000,en-dk
9781860000000,en-cz
9780470000000,en-do
9780760000000,en-ec
9781740000000,en-sv
9780470000000,en-eg
9781120000000,en-ee
9781120000000,en-et
9780470000000,en-gq
9781120000000,en-er
9780470000000,en-fj
9781120000000,en-fr
9781120000000,en-ga
9781120000000,en-gm
9783530000000,en-gf
9781120000000,en-gr
9783530000000,en-ge
9781120000000,en-fi
9781120000000,en-gl
9781120000000,en-gi
9780870000000,en-gh
9781120000000,en-gp
9781120000000,en-gu
9781120000000,en-gt
9781120000000,en-gn
9781120000000,en-is
9781120000000,en-hu
9781120000000,en-iq
9780790000000,en-hn
9780790000000,en-va
9780470000000,en-gw
9780470000000,en-ir
9783530000000,en-gy
9780470000000,en-ht
9783530000000,en-id
9780470000000,en-ie
9780390000000,en-il
9781440000000,en-it
9780470000000,en-jm
9780390000000,en-kz
9781410000000,en-jo
9783530000000,en-ke
9781740000000,en-kr
9781410000000,en-kw
9780470000000,en-lv
9781840000000,en-la
9780470000000,en-kg
9780470000000,en-lb
9780470000000,en-lr
9781860000000,en-ly
9780470000000,en-mk
9780790000000,en-ls
9780470000000,en-lt
9781860000000,en-my
9781410000000,en-mw
9783530000000,en-mg
9780780000000,en-mv
9780470000000,en-mt
9781900000000,en-ml
9780470000000,en-mq
9780470000000,en-me
9783530000000,en-mz
9780470000000,en-ma
9783530000000,en-mc
9780780000000,en-mu
9781410000000,en-mr
9780470000000,en-mn
9780470000000,en-mm
9781120000000,en-md
9781120000000,en-na
9781440000000,en-np
9780470000000,en-nl
9780470000000,en-no
9780470000000,en-ps
9781120000000,en-nz
9781120000000,en-om
9781120000000,en-pk
9781120000000,en-ni
9781440000000,en-pe
9783530000000,en-ne
9781610000000,en-pa
9781120000000,en-pt
9781440000000,en-ph
9780730000000,en-pg
9781120000000,en-re
9781120000000,en-pr
9780470000000,en-py
9780470000000,en-ro
9781120000000,en-rw
9781120000000,en-sa
9780470000000,en-vc
9780470000000,en-ws
9780470000000,en-rs
9780470000000,en-sl
9780470000000,en-sg
9781120000000,en-si
9780470000000,en-lc
9780470000000,en-st
9780470000000,en-sn
9780470000000,en-sk
9780470000000,en-so
9780470000000,en-ss
9780470000000,en-lk
9780470000000,en-sb
9780470000000,en-sd
9780470000000,en-es
9783530000000,en-sy
9780470000000,en-sr
9780470000000,en-se
9780470000000,en-sz
9780470000000,en-tj
9783530000000,en-th
9780780000000,en-to
9780780000000,en-tz
9783530000000,en-tg
9783530000000,en-tl
9780790000000,en-tn
9780470000000,en-tt
9781120000000,en-tm
9781120000000,en-tr
9780780000000,en-uz
9780470000000,en-uy
9781120000000,en-ug
9780470000000,en-ve
9783530000000,en-vg
9781560000000,en-zm
9780470000000,en-zw
9781440000000,en-ye
9780470000000,en-vu
9781440000000,en-vn
9780470000000,en-vi
9780470000000,en-tw
9781410000000,en-mx
9781410000000,en-ar
9783530000000,en-ca
9781440000000,en-us
9780470000000,en-gb
9781410000000,en-ru
9780730000000,en-by
9781410000000,en-pl
9781410000000,en-ua
9781410000000,en-jp
9781410000000,en-au
9781120000000,en-ng
9783530000000,en-za
9781120000000,en-ae
9781120000000,en-qa
9781590000000,en-dz
9780750000000,en-ad
9781120000000,en-ax
9781120000000,en-bh
9781120000000,en-am
9780390000000,en-af
9781440000000,en-aw
9781120000000,en-ao
9781120000000,en-ag
9781120000000,en-bd
9780730000000,en-az
9780470000000,en-bs
9780470000000,en-al
9783530000000,en-as
9780730000000,en-ai
9781120000000,en-bb
9781570000000,en-bj
9780390000000,en-bw
9781120000000,en-br
9781120000000,en-io
9780470000000,en-bn
9781120000000,en-bo
9780470000000,en-ba
9781120000000,en-bf
9780470000000,en-bg
9780390000000,en-bz
9780470000000,en-bi
9780470000000,en-bt
9780470000000,en-cm
9780470000000,en-bm
9780470000000,en-kh
9783530000000,en-be
9783530000000,en-cv
9781850000000,en-cf
9781120000000,en-ci
9781680000000,en-cr
9780470000000,en-cl
9780780000000,en-hr
9783530000000,en-td
9780470000000,en-km
9780790000000,en-cx
9780880000000,en-cc
9781120000000,en-cw
9780790000000,en-ky
9780470000000,en-cg
9780470000000,en-ck
9781120000000,en-cu
9781120000000,en-co
9781440000000,en-cy
9780470000000,en-dj
9780470000000,en-dk
9781120000000,en-cz
9780790000000,en-do
9781440000000,en-ec
9781440000000,en-sv
9783530000000,en-eg
9781120000000,en-ee
9781440000000,en-et
9781560000000,en-gq
9781120000000,en-er
9781410000000,en-fj
9781410000000,en-fr
9780470000000,en-ga
9780390000000,en-gm
9783530000000,en-gf
9781410000000,en-gr
9781410000000,en-ge
9781610000000,en-fi
9781410000000,en-gl
9781120000000,en-gi
9781120000000,en-gh
9780390000000,en-gp
9781120000000,en-gu
9781120000000,en-gt
9781510000000,en-gn
9781120000000,en-is
ES81118807330,en-hu
ES80471150589,en-iq
ES80470398791,en-hn
ES81118757147,en-va
ES81118875766,en-gw
ES80470069592,en-ir
9781120000000,en-gy
9781120000000,en-ht
ES81118164990,en-id
ES81119321996,en-ie
ES81118323632,en-il
ES80471733881,en-it
9780470000000,en-jm
9780470000000,en-kz
ES81118422571,en-jo
9781120000000,en-ke
9781440000000,en-kr
9780470000000,en-kw
9781120000000,en-lv
9780470000000,en-la
9781120000000,en-kg
9781120000000,en-lb
9781120000000,en-lr
9781120000000,en-ly
9781120000000,en-mk
9781120000000,en-ls
9780470000000,en-lt
9780470000000,en-my
9780470000000,en-mw
9781120000000,en-mg
9780470000000,en-mv
9781440000000,en-mt
9780470000000,en-ml
9781120000000,en-mq
9780470000000,en-me
9783530000000,en-mz
9781120000000,en-ma
9781120000000,en-mc
9780470000000,en-mu
9780470000000,en-mr
9783530000000,en-mn
9781120000000,en-mm
9780470000000,en-md
9780470000000,en-na
9781440000000,en-np
9781120000000,en-nl
9780470000000,en-no
9781120000000,en-ps
9783530000000,en-nz
9780470000000,en-om
9781120000000,en-pk
9783530000000,en-ni
9780470000000,en-pe
9781120000000,en-ne
9781120000000,en-pa
9780470000000,en-pt
9781120000000,en-ph
9780470000000,en-pg
9781120000000,en-re
9783530000000,en-pr
9780470000000,en-py
9781120000000,en-ro
9780470000000,en-rw
9781120000000,en-sa
9780470000000,en-vc
9781120000000,en-ws
9780470000000,en-rs
9781120000000,en-sl
9781120000000,en-sg
9781120000000,en-si
9781120000000,en-lc
9780470000000,en-st
9783530000000,en-sn
9780470000000,en-sk
9780810000000,en-so
9780470000000,en-ss
ES80470470770,en-lk
ES81118018699,en-sb
9781120000000,en-sd
ES81119128694,en-es
9781120000000,en-sy
9783530000000,en-sr
ES81118169827,en-se
ES81118156599,en-sz
ES81118324578,en-tj
ES80470447277,en-th
ES81119169383,en-to
ES81119321132,en-tz
ES81119319337,en-tg
ES80470409442,en-tl
ES81118742945,en-tn
ES80470565148,en-tt
ES80470179307,en-tm
ES80470470817,en-tr
ES80470631478,en-uz
ES80470197523,en-uy
ES80470648056,en-ug
ES80470157596,en-ve
ES81119321149,en-vg
ES80470466445,en-zm
9781120000000,en-zw
ES81118878385,en-ye
ES80730313748,en-vu
9780470000000,en-vn
9781120000000,en-vi
ES81118608227,en-tw
ES81118429730,en-mx
ES81118092293,en-ar
9780470000000,en-ca
9783530000000,en-us
ES80470524749,en-gb
ES81118557303,en-ru
9781120000000,en-by
9780470000000,en-pl
9781120000000,en-ua
9780470000000,en-jp
ES80470179963,en-au
ES81118133576,en-ng
ES80470908525,en-za
ES81119305842,en-ae
ES81118758878,en-qa
ES80470888612,en-dz
ES81118334331,en-ad
9780470000000,en-ax
ES81118512340,en-bh
ES81118531778,en-am
ES81119013846,en-af
ES81118953983,en-aw
ES80470904138,en-ao
9780470000000,en-ag
ES81118947029,en-bd
ES81118235706,en-az
9781120000000,en-bs
9780470000000,en-al
9781120000000,en-as
9780470000000,en-ai
9781120000000,en-bb
9781120000000,en-bj
9780470000000,en-bw
9781120000000,en-br
9781120000000,en-io
ES81118799413,en-bn
9781120000000,en-bo
9781440000000,en-ba
9781120000000,en-bf
ES80470595350,en-bg
9781120000000,en-bz
9780470000000,en-bi
ES81118092484,en-bt
9781440000000,en-cm
ES80471698043,en-bm
9783530000000,en-kh
ES80470646465,en-be
ES80470648049,en-cv
ES81118427323,en-cf
ES81118620199,en-ci
ES80470891223,en-cr
ES81118411599,en-cl
9783530000000,en-hr
9781120000000,en-td
ES81118168875,en-km
ES81118370360,en-cx
ES80470683705,en-cc
9781120000000,en-cw
ES80470937389,en-ky
9780470000000,en-cg
9781120000000,en-ck
9780470000000,en-cu
9780470000000,en-co
9780470000000,en-cy
9780470000000,en-dj
9781120000000,en-dk
9780470000000,en-cz
9780470000000,en-do
9781120000000,en-ec
9780470000000,en-sv
9781120000000,en-eg
9780470000000,en-ee
9780470000000,en-et
9783530000000,en-gq
9781120000000,en-er
9781120000000,en-fj
9781120000000,en-fr
9781120000000,en-ga
9783530000000,en-gm
9780470000000,en-gf
9781120000000,en-gr
9781440000000,en-ge
9780470000000,en-fi
9780470000000,en-gl
9780470000000,en-gi
9781120000000,en-gh
9781120000000,en-gp
9780470000000,en-gu
9781120000000,en-gt
9780470000000,en-gn
9781120000000,en-is
9781120000000,en-hu
9781120000000,en-iq
9780470000000,en-hn
9781120000000,en-va
9780470000000,en-gw
9783530000000,en-ir
9780470000000,en-gy
9780470000000,en-ht
9783530000000,en-id
9780470000000,en-ie
9780470000000,en-il
ES81118809068,en-it
9780470000000,en-jm
9783530000000,en-kz
ES80470069509,en-jo
ES81119148494,en-ke
9781120000000,en-kr
ES80730312932,en-kw
ES81118161746,en-lv
ES80470458310,en-la
9780470000000,en-kg
ES80470509494,en-lb
ES80471747055,en-lr
ES80470906880,en-ly
ES81118391785,en-mk
ES81118431221,en-ls
ES81119133858,en-lt
ES80470383285,en-my
ES80470398739,en-mw
ES81118414705,en-mg
ES80470398746,en-mv
ES80471753650,en-mt
ES80471694342,en-ml
9781120000000,en-mq
ES81119175483,en-me
ES80470888643,en-mz
ES80470945704,en-ma
9781120000000,en-mc
9780470000000,en-mu
9780470000000,en-mr
9780810000000,en-mn
9781120000000,en-mm
9780470000000,en-md
ES81119191674,en-na
ES80470646137,en-np
9781120000000,en-nl
9781120000000,en-no
ES81118169872,en-ps
ES81119333418,en-nz
ES81118486894,en-om
ES81119320647,en-pk
9780470000000,en-ni
9781440000000,en-pe
ES81118636602,en-ne
ES81119301899,en-pa
ES81119048473,en-pt
ES81118636725,en-ph
ES81118061602,en-pg
ES81118526569,en-re
ES80470939499,en-pr
ES80470524589,en-py
ES81118300848,en-ro
ES81118886144,en-rw
ES81118875827,en-sa
9780470000000,en-vc
ES81118743164,en-ws
9781120000000,en-rs
9781120000000,en-sl
9783530000000,en-sg
9781120000000,en-si
9780470000000,en-lc
9781120000000,en-st
9781120000000,en-sn
9783530000000,en-sk
9781120000000,en-so
9781120000000,en-ss
9781120000000,en-lk
9783530000000,en-sb
ES81118237762,en-sd
9781120000000,en-es
ES80470678091,en-sy
9780470000000,en-sr
ES80470405406,en-se
ES80470458273,en-sz
ES81118083475,en-tj
ES81118230725,en-th
ES80470384671,en-to
ES80470677865,en-tz
ES80470505953,en-tg
ES81119320593,en-tl
ES81118583180,en-tn
ES80470410172,en-tt
ES81118324028,en-tm
ES81118583111,en-tr
9781120000000,en-uz
9781120000000,en-uy
9781120000000,en-ug
ES81119106968,en-ve
ES80470907665,en-vg
9781120000000,en-zm
9783530000000,en-zw
9781120000000,en-ye
9781120000000,en-vu
9781120000000,en-vn
9780470000000,en-vi
9781440000000,en-tw
9781120000000,en-mx
9783530000000,en-ar
9781120000000,en-ca
9781120000000,en-us
9780470000000,en-gb
9781120000000,en-ru
9780470000000,en-by
9780470000000,en-pl
9780470000000,en-ua
9780470000000,en-jp
9780470000000,en-au
9781120000000,en-ng
9780470000000,en-za
9781120000000,en-ae
9781120000000,en-qa
9781120000000,en-dz
9780470000000,en-ad
9781440000000,en-ax
9781120000000,en-bh
9783530000000,en-am
9783530000000,en-af
9783530000000,en-aw
9783530000000,en-ao
9783530000000,en-ag
9781440000000,en-bd
9781120000000,en-az
9781120000000,en-bs
9781120000000,en-al
9780470000000,en-as
9780470000000,en-ai
9781440000000,en-bb
9780470000000,en-bj
9780470000000,en-bw
9781120000000,en-br
9781120000000,en-io
9781120000000,en-bn
9780470000000,en-bo
9781440000000,en-ba
9780470000000,en-bf
ES80470057704,en-bg
9780470000000,en-bz
ES80471480532,en-bi
9781120000000,en-bt
9783530000000,en-cm
ES81119300441,en-bm
ES80471250265,en-kh
ES81119234173,en-be
ES81118962145,en-cv
ES80470419472,en-cf
ES81118476956,en-ci
ES80470398814,en-cr
ES81118673959,en-cl
ES81118336496,en-hr
ES81118133552,en-td
ES81118523964,en-km
ES81118473504,en-cx
ES80470069516,en-cc
ES81119381648,en-cw
ES81119148463,en-ky
ES81118477502,en-cg
9781120000000,en-ck
9780470000000,en-cu
ES81118797778,en-co
9781120000000,en-cy
9781120000000,en-dj
9783530000000,en-dk
9781120000000,en-cz
9781440000000,en-do
9780470000000,en-ec
9780470000000,en-sv
ES81118808948,en-eg
9780470000000,en-ee
ES81118793145,en-et
9781120000000,en-gq
9781120000000,en-er
ES81119320531,en-fj
9781120000000,en-fr
ES81118300763,en-ga
ES80470614730,en-gm
ES81118516461,en-gf
ES81118849385,en-gr
ES81118092460,en-ge
ES81118352588,en-fi
ES81118334263,en-gl
ES81119320623,en-gi
ES81118870723,en-gh
9780470000000,en-gp
9781120000000,en-gu
ES81119000594,en-gt
ES81118161739,en-gn
ES81119320975,en-is
ES80470646250,en-hu
ES81118878415,en-iq
ES81118526781,en-hn
9781120000000,en-va
9780470000000,en-gw
9781120000000,en-ir
9781440000000,en-gy
ES81118998700,en-ht
9781440000000,en-id
9781120000000,en-ie
ES80470678848,en-il
9781120000000,en-it
9783530000000,en-jm
ES81119306160,en-kz
9781440000000,en-jo
ES81118299791,en-ke
ES81119048541,en-kr
9783530000000,en-kw
9783530000000,en-lv
ES81119148326,en-la
ES81118300855,en-kg
ES80730302292,en-lb
ES81118092415,en-lr
ES81119316152,en-ly
ES81119047278,en-mk
ES81118875865,en-ls
9780470000000,en-lt
ES81118573334,en-my
9781120000000,en-mw
ES81118443965,en-mg
ES81118897782,en-mv
ES80470561577,en-mt
ES81118083505,en-ml
ES80471707080,en-mq
ES80470444658,en-me
9781440000000,en-mz
9781120000000,en-ma
9780470000000,en-mc
9780470000000,en-mu
9781120000000,en-mr
9780470000000,en-mn
9781120000000,en-mm
9781120000000,en-md
9781120000000,en-na
9783530000000,en-np
9781440000000,en-nl
9781120000000,en-no
9781120000000,en-ps
9781440000000,en-nz
9781120000000,en-om
9783530000000,en-pk
9781440000000,en-ni
9783530000000,en-pe
9781120000000,en-ne
9781120000000,en-pa
9780470000000,en-pt
9780470000000,en-ph
9781440000000,en-pg
9780470000000,en-re
9783530000000,en-pr
9783530000000,en-py
9783530000000,en-ro
9781120000000,en-rw
9780470000000,en-sa
9780470000000,en-vc
9781120000000,en-ws
9780470000000,en-rs
9781120000000,en-sl
9781120000000,en-sg
9780470000000,en-si
9781120000000,en-lc
9780470000000,en-st
9781120000000,en-sn
9780470000000,en-sk
9781440000000,en-so
9781120000000,en-ss
9781440000000,en-lk
9781120000000,en-sb
9781120000000,en-sd
9781120000000,en-es
9780470000000,en-sy
9781120000000,en-sr
9780470000000,en-se
ES80471756842,en-sz
ES81118539293,en-tj
ES81118557327,en-th
ES81118845899,en-to
9781120000000,en-tz
ES80471737933,en-tg
ES80470069585,en-tl
ES80470044964,en-tn
ES81119322054,en-tt
ES80470491249,en-tm
ES81119083900,en-tr
ES80470647721,en-uz
ES80470542095,en-uy
ES81119320869,en-ug
ES81119320890,en-ve
9783530000000,en-vg
9781120000000,en-zm
ES81119320661,en-zw
9781120000000,en-ye
9780470000000,en-vu
9780470000000,en-vn
9781120000000,en-vi
9780470000000,en-tw
9781120000000,en-mx
9781120000000,en-ar
9780470000000,en-ca
9783530000000,en-us
9783530000000,en-gb
9781120000000,en-ru
9781120000000,en-by
9780470000000,en-pl
9781120000000,en-ua
9780470000000,en-jp
9780470000000,en-au
9781120000000,en-ng
9780470000000,en-za
9780470000000,en-ae
9780470000000,en-qa
9780470000000,en-dz
9780470000000,en-ad
9781120000000,en-ax
9781120000000,en-bh
9781120000000,en-am
9780470000000,en-af
9780470000000,en-aw
9781120000000,en-ao
9781120000000,en-ag
9781120000000,en-bd
9781120000000,en-az
ES80471467557,en-bs
9781120000000,en-al
ES80470458365,en-as
9781120000000,en-ai
9780470000000,en-bb
9783530000000,en-bj
ES81119084303,en-bw
ES81118087107,en-br
ES80470647684,en-io
ES81119032748,en-bn
ES80730311119,en-bo
ES80470888674,en-ba
ES80470478448,en-bf
ES81118789292,en-bg
ES81118738542,en-bz
ES81119320883,en-bi
ES81118856994,en-bt
ES81118172148,en-cm
ES80470553046,en-bm
ES80470620663,en-kh
ES81118412930,en-be
ES81118808849,en-cv
ES81118608203,en-cf
ES80470874981,en-ci
9780470000000,en-cr
ES80470147757,en-cl
9781120000000,en-hr
9781120000000,en-td
9781120000000,en-km
9783530000000,en-cx
9780470000000,en-cc
9780470000000,en-cw
9781440000000,en-ky
9781120000000,en-cg
9781120000000,en-ck
9781120000000,en-cu
9781120000000,en-co
9781120000000,en-cy
9781120000000,en-dj
9781120000000,en-dk
9781120000000,en-cz
9780470000000,en-do
9781120000000,en-ec
9781120000000,en-sv
9781120000000,en-eg
9781120000000,en-ee
9783530000000,en-et
9781120000000,en-gq
9781120000000,en-er
9781120000000,en-fj
9781120000000,en-fr
9781120000000,en-ga
9781120000000,en-gm
9781120000000,en-gf
9783530000000,en-gr
9780470000000,en-ge
9780470000000,en-fi
9781120000000,en-gl
9780470000000,en-gi
9781120000000,en-gh
9781440000000,en-gp
9783530000000,en-gu
9781440000000,en-gt
9780470000000,en-gn
9781120000000,en-is
9781120000000,en-hu
9780470000000,en-iq
9780470000000,en-hn
9781120000000,en-va
9780470000000,en-gw
9780470000000,en-ir
9781440000000,en-gy
9780470000000,en-ht
9783530000000,en-id
9783530000000,en-ie
9780470000000,en-il
9780470000000,en-it
9781120000000,en-jm
9783530000000,en-kz
9781120000000,en-jo
9781120000000,en-ke
9780470000000,en-kr
9780470000000,en-kw
9780470000000,en-lv
9780470000000,en-la
9781120000000,en-kg
9781120000000,en-lb
9781120000000,en-lr
9781120000000,en-ly
9781120000000,en-mk
9781120000000,en-ls
9781120000000,en-lt
9781120000000,en-my
ES80470458518,en-mw
9783530000000,en-mg
9781120000000,en-mv
9781440000000,en-mt
9781120000000,en-ml
9783530000000,en-mq
ES80470598917,en-me
ES80470879528,en-mz
9781120000000,en-ma
ES81118206737,en-mc
9781120000000,en-mu
9781440000000,en-mr
9781120000000,en-mn
9781120000000,en-mm
9780470000000,en-md
9781120000000,en-na
9783530000000,en-np
9781440000000,en-nl
9780470000000,en-no
9781120000000,en-ps
9781120000000,en-nz
9780470000000,en-om
9781120000000,en-pk
9780470000000,en-ni
9780470000000,en-pe
9781120000000,en-ne
9780470000000,en-pa
9781440000000,en-pt
9781120000000,en-ph
9780470000000,en-pg
9780470000000,en-re
9783530000000,en-pr
9781120000000,en-py
9780470000000,en-ro
9780470000000,en-rw
9781120000000,en-sa
9783530000000,en-vc
9780470000000,en-ws
9781120000000,en-rs
9783530000000,en-sl
9783530000000,en-sg
9781120000000,en-si
9780470000000,en-lc
9783530000000,en-st
9780470000000,en-sn
9781120000000,en-sk
9781440000000,en-so
9781440000000,en-ss
ES81119048503,en-lk
9781120000000,en-sb
ES81118174920,en-sd
ES80470133088,en-es
ES81118460092,en-sy
9780470000000,en-sr
ES81118646021,en-se
ES81118087886,en-sz
9781120000000,en-tj
ES81118344996,en-th
ES81119993667,en-to
ES81119048534,en-tz
ES81119027959,en-tg
ES81118608173,en-tl
ES81119335337,en-tn
ES81118345009,en-tt
ES81118658079,en-tm
ES80470904114,en-tr
ES80470505816,en-uz
ES81118895382,en-uy
ES81119321095,en-ug
ES81118875056,en-ve
ES80470158883,en-vg
9781120000000,en-zm
9780470000000,en-zw
ES83527406456,en-ye
ES80471668763,en-vu
ES80470505915,en-vn
9780470000000,en-vi
9780470000000,en-tw
9781120000000,en-mx
9780470000000,en-ar
9781120000000,en-ca
9781120000000,en-us
9780470000000,en-gb
9781440000000,en-ru
9781120000000,en-by
9781120000000,en-pl
9781120000000,en-ua
9781120000000,en-jp
9781120000000,en-au
9783530000000,en-ng
9781440000000,en-za
9780470000000,en-ae
9781120000000,en-qa
9781120000000,en-dz
9781120000000,en-ad
9780470000000,en-ax
9780470000000,en-bh
9780470000000,en-am
9780470000000,en-af
9780470000000,en-aw
9781120000000,en-ao
9781120000000,en-ag
9780470000000,en-bd
9781120000000,en-az
9781120000000,en-bs
9780470000000,en-al
9781120000000,en-as
9781120000000,en-ai
9781440000000,en-bb
9781120000000,en-bj
9780470000000,en-bw
9780470000000,en-br
9783530000000,en-io
9781120000000,en-bn
9781120000000,en-bo
9781120000000,en-ba
9780470000000,en-bf
9781120000000,en-bg
9781120000000,en-bz
9783530000000,en-bi
9781120000000,en-bt
9781120000000,en-cm
9780470000000,en-bm
9781120000000,en-kh
9781120000000,en-be
9780470000000,en-cv
9781440000000,en-cf
9781120000000,en-ci
9783530000000,en-cr
9780470000000,en-cl
9780470000000,en-hr
9781120000000,en-td
9783530000000,en-km
9780470000000,en-cx
9781120000000,en-cc
9780470000000,en-cw
9780470000000,en-ky
9781120000000,en-cg
9781120000000,en-ck
9781120000000,en-cu
9781120000000,en-co
9781120000000,en-cy
9781120000000,en-dj
9780470000000,en-dk
9781120000000,en-cz
9781440000000,en-do
9781120000000,en-ec
9781120000000,en-sv
9781120000000,en-eg
9783530000000,en-ee
9780470000000,en-et
9780470000000,en-gq
9780470000000,en-er
ES80470073339,en-fj
ES81119194330,en-fr
ES81118019085,en-ga
ES80470907672,en-gm
ES80470601983,en-gf
9783530000000,en-gr
ES81119165552,en-ge
ES81118494769,en-fi
ES80470505892,en-gl
ES80470908501,en-gi
ES80470505779,en-gh
ES81118129869,en-gp
ES80470505762,en-gu
ES81118983287,en-gt
ES80470836880,en-gn
ES80470122129,en-is
ES80471432227,en-hu
ES81118128169,en-iq
ES81118288269,en-hn
ES81118130629,en-va
ES80470453605,en-gw
ES80470133095,en-ir
ES80470444641,en-gy
ES81119087106,en-ht
9781120000000,en-id
ES80470453599,en-ie
ES81119146995,en-il
9781120000000,en-it
9781120000000,en-jm
9783530000000,en-kz
9780470000000,en-jo
9781120000000,en-ke
9781120000000,en-kr
9780470000000,en-kw
9781120000000,en-lv
9780470000000,en-la
9781120000000,en-kg
9780470000000,en-lb
9781120000000,en-lr
9780470000000,en-ly
9781120000000,en-mk
9781120000000,en-ls
9780470000000,en-lt
9780470000000,en-my
9781120000000,en-mw
9783530000000,en-mg
9781120000000,en-mv
9781120000000,en-mt
9781120000000,en-ml
9783530000000,en-mq
ES80470875070,en-me
9781120000000,en-mz
ES81119279167,en-ma
ES81742466378,en-mc
9783530000000,en-mu
ES81118952610,en-mr
9781120000000,en-mn
9781120000000,en-mm
ES80470648032,en-md
ES81119321514,en-na
ES80470561591,en-np
ES81118644942,en-nl
ES81118883822,en-no
ES81118841518,en-ps
ES81118457443,en-nz
ES81118301173,en-om
ES81118358290,en-pk
9780470000000,en-ni
ES81118300824,en-pe
ES81118012079,en-ne
ES81118583197,en-pa
9780470000000,en-pt
ES80471735175,en-ph
ES80470561584,en-pg
ES80470904107,en-re
9780470000000,en-pr
ES81118083451,en-py
9780470000000,en-ro
9780470000000,en-rw
9781120000000,en-sa
9781120000000,en-vc
9783530000000,en-ws
9780470000000,en-rs
9781120000000,en-sl
9781120000000,en-sg
9781440000000,en-si
9781120000000,en-lc
9783530000000,en-st
9781120000000,en-sn
9781120000000,en-sk
9781120000000,en-so
9780470000000,en-ss
9780470000000,en-lk
9780470000000,en-sb
9781440000000,en-sd
9780470000000,en-es
9780470000000,en-sy
9781120000000,en-sr
9780470000000,en-se
9780470000000,en-sz
9781120000000,en-tj
9781120000000,en-th
9781120000000,en-to
9781120000000,en-tz
9781120000000,en-tg
9781120000000,en-tl
9781120000000,en-tn
9781120000000,en-tt
9781120000000,en-tm
9781120000000,en-tr
9781120000000,en-uz
9780470000000,en-uy
9780470000000,en-ug
9781120000000,en-ve
9781120000000,en-vg
9781120000000,en-zm
9780470000000,en-zw
9780470000000,en-ye
9780470000000,en-vu
9780470000000,en-vn
9780470000000,en-vi
9781440000000,en-tw
9783530000000,en-mx
9780470000000,en-ar
9781120000000,en-ca
9780470000000,en-us
9780470000000,en-gb
9780470000000,en-ru
ES81118517376,en-by
ES81119047353,en-pl
ES81119194323,en-ua
ES80470547847,en-jp
9780470000000,en-au
9780470000000,en-ng
9780470000000,en-za
9780470000000,en-ae
ES80470133101,en-qa
ES81118063316,en-dz
ES81119320418,en-ad
ES81119195108,en-ax
ES81119306481,en-bh
9781120000000,en-am
9781120000000,en-af
9780470000000,en-aw
ES81119195320,en-ao
9781120000000,en-ag
9780470000000,en-bd
9781440000000,en-az
9780470000000,en-bs
9781120000000,en-al
9781120000000,en-as
9780470000000,en-ai
9781120000000,en-bb
9781120000000,en-bj
9781440000000,en-bw
9781120000000,en-br
9783530000000,en-io
9781120000000,en-bn
9783530000000,en-bo
9783530000000,en-ba
9780470000000,en-bf
9781440000000,en-bg
9781120000000,en-bz
9780470000000,en-bi
9781120000000,en-bt
9781120000000,en-cm
9780470000000,en-bm
9783530000000,en-kh
9780470000000,en-be
9783530000000,en-cv
9781120000000,en-cf
9781120000000,en-ci
9781120000000,en-cr
9781120000000,en-cl
9781120000000,en-hr
9780470000000,en-td
9780470000000,en-km
9781120000000,en-cx
9780470000000,en-cc
9783530000000,en-cw
9781120000000,en-ky
9780470000000,en-cg
9783530000000,en-ck
9780470000000,en-cu
9780470000000,en-co
9780470000000,en-cy
9783530000000,en-dj
9780470000000,en-dk
9781120000000,en-cz
9780470000000,en-do
9783530000000,en-ec
9780470000000,en-sv
9783530000000,en-eg
9781120000000,en-ee
9780470000000,en-et
9780470000000,en-gq
9781120000000,en-er
9780470000000,en-fj
9780470000000,en-fr
9780470000000,en-ga
9783530000000,en-gm
ES81118789605,en-gf
9781440000000,en-gr
9781120000000,en-ge
ES80470237892,en-fi
9780470000000,en-gl
9780470000000,en-gi
9780470000000,en-gh
ES81118742976,en-gp
ES80470938454,en-gu
ES80470907689,en-gt
ES81119116363,en-gn
ES81118170519,en-is
ES80470133064,en-hu
ES80470505830,en-iq
ES81119091585,en-hn
9780470000000,en-va
9781440000000,en-gw
ES80470504833,en-ir
ES80470648025,en-gy
ES81118396209,en-ht
ES81119171287,en-id
9781120000000,en-ie
9780470000000,en-il
9781120000000,en-it
9781120000000,en-jm
9780470000000,en-kz
9781120000000,en-jo
9781120000000,en-ke
9781120000000,en-kr
9781120000000,en-kw
9780470000000,en-lv
9781120000000,en-la
9781120000000,en-kg
9780470000000,en-lb
9780470000000,en-lr
9781120000000,en-ly
9781120000000,en-mk
9783530000000,en-ls
9781440000000,en-lt
9781440000000,en-my
9780470000000,en-mw
9781120000000,en-mg
9781120000000,en-mv
9781120000000,en-mt
9781440000000,en-ml
9781120000000,en-mq
9781120000000,en-me
9781120000000,en-mz
9781120000000,en-ma
9781120000000,en-mc
9781120000000,en-mu
9780470000000,en-mr
9780470000000,en-mn
9781120000000,en-mm
9781120000000,en-md
ES80471947219,en-na
9780470000000,en-np
ES80730311058,en-nl
ES80471707615,en-no
ES80470395677,en-ps
9780470000000,en-nz
ES81118153338,en-om
ES81119049685,en-pk
ES81118978252,en-ni
ES81118083383,en-pe
ES80470475447,en-ne
ES80470909133,en-pa
ES81119117742,en-pt
ES81118162286,en-ph
ES80470648018,en-pg
ES81118388068,en-re
ES81118185261,en-pr
ES81118548639,en-py
ES80470230596,en-ro
ES80471789987,en-rw
ES80470592717,en-sa
ES80470676608,en-vc
9781440000000,en-ws
ES80470647691,en-rs
9781120000000,en-sl
ES80470380086,en-sg
ES81118344408,en-si
ES80470873779,en-lc
ES80470505786,en-st
9780470000000,en-sn
9781120000000,en-sk
9783530000000,en-so
9780470000000,en-ss
9781120000000,en-lk
9781120000000,en-sb
9781120000000,en-sd
9781120000000,en-es
9780470000000,en-sy
9780470000000,en-sr
9781440000000,en-se
9781120000000,en-sz
9780470000000,en-tj
9781120000000,en-th
9781120000000,en-to
9780470000000,en-tz
9781120000000,en-tg
9780470000000,en-tl
9781120000000,en-tn
9780470000000,en-tt
9783530000000,en-tm
9780470000000,en-tr
9780470000000,en-uz
9781120000000,en-uy
9780470000000,en-ug
9783530000000,en-ve
9780470000000,en-vg
9781120000000,en-zm
9781120000000,en-zw
9780470000000,en-ye
9780470000000,en-vu
9781120000000,en-vn
9780470000000,en-vi
9781120000000,en-tw
